stepID	filename	nameNew	p3Orig	p3Min	shortFC	p3New	uttDurOrig	uttDurMin	uttDurNew
1	lilli_lisa_ch	lilli_lisa_ch_pause_0_549	0.55	0	0.998	0.549	1.778	1.228	1.777
2	lilli_lisa_ch	lilli_lisa_ch_pause_0_548	0.55	0	0.996	0.548	1.778	1.228	1.776
3	lilli_lisa_ch	lilli_lisa_ch_pause_0_547	0.55	0	0.995	0.547	1.778	1.228	1.775
4	lilli_lisa_ch	lilli_lisa_ch_pause_0_546	0.55	0	0.993	0.546	1.778	1.228	1.774
5	lilli_lisa_ch	lilli_lisa_ch_pause_0_545	0.55	0	0.991	0.545	1.778	1.228	1.773
6	lilli_lisa_ch	lilli_lisa_ch_pause_0_544	0.55	0	0.989	0.544	1.778	1.228	1.772
7	lilli_lisa_ch	lilli_lisa_ch_pause_0_543	0.55	0	0.987	0.543	1.778	1.228	1.771
8	lilli_lisa_ch	lilli_lisa_ch_pause_0_542	0.55	0	0.985	0.542	1.778	1.228	1.77
9	lilli_lisa_ch	lilli_lisa_ch_pause_0_541	0.55	0	0.984	0.541	1.778	1.228	1.769
10	lilli_lisa_ch	lilli_lisa_ch_pause_0_540	0.55	0	0.982	0.54	1.778	1.228	1.768
11	lilli_lisa_ch	lilli_lisa_ch_pause_0_539	0.55	0	0.98	0.539	1.778	1.228	1.767
12	lilli_lisa_ch	lilli_lisa_ch_pause_0_538	0.55	0	0.978	0.538	1.778	1.228	1.766
13	lilli_lisa_ch	lilli_lisa_ch_pause_0_537	0.55	0	0.976	0.537	1.778	1.228	1.765
14	lilli_lisa_ch	lilli_lisa_ch_pause_0_536	0.55	0	0.975	0.536	1.778	1.228	1.764
15	lilli_lisa_ch	lilli_lisa_ch_pause_0_535	0.55	0	0.973	0.535	1.778	1.228	1.763
16	lilli_lisa_ch	lilli_lisa_ch_pause_0_534	0.55	0	0.971	0.534	1.778	1.228	1.762
17	lilli_lisa_ch	lilli_lisa_ch_pause_0_533	0.55	0	0.969	0.533	1.778	1.228	1.761
18	lilli_lisa_ch	lilli_lisa_ch_pause_0_532	0.55	0	0.967	0.532	1.778	1.228	1.76
19	lilli_lisa_ch	lilli_lisa_ch_pause_0_531	0.55	0	0.965	0.531	1.778	1.228	1.759
20	lilli_lisa_ch	lilli_lisa_ch_pause_0_530	0.55	0	0.964	0.53	1.778	1.228	1.758
21	lilli_lisa_ch	lilli_lisa_ch_pause_0_529	0.55	0	0.962	0.529	1.778	1.228	1.757
22	lilli_lisa_ch	lilli_lisa_ch_pause_0_528	0.55	0	0.96	0.528	1.778	1.228	1.756
23	lilli_lisa_ch	lilli_lisa_ch_pause_0_527	0.55	0	0.958	0.527	1.778	1.228	1.755
24	lilli_lisa_ch	lilli_lisa_ch_pause_0_526	0.55	0	0.956	0.526	1.778	1.228	1.754
25	lilli_lisa_ch	lilli_lisa_ch_pause_0_525	0.55	0	0.955	0.525	1.778	1.228	1.753
26	lilli_lisa_ch	lilli_lisa_ch_pause_0_524	0.55	0	0.953	0.524	1.778	1.228	1.752
27	lilli_lisa_ch	lilli_lisa_ch_pause_0_523	0.55	0	0.951	0.523	1.778	1.228	1.751
28	lilli_lisa_ch	lilli_lisa_ch_pause_0_522	0.55	0	0.949	0.522	1.778	1.228	1.75
29	lilli_lisa_ch	lilli_lisa_ch_pause_0_521	0.55	0	0.947	0.521	1.778	1.228	1.749
30	lilli_lisa_ch	lilli_lisa_ch_pause_0_520	0.55	0	0.945	0.52	1.778	1.228	1.748
31	lilli_lisa_ch	lilli_lisa_ch_pause_0_519	0.55	0	0.944	0.519	1.778	1.228	1.747
32	lilli_lisa_ch	lilli_lisa_ch_pause_0_518	0.55	0	0.942	0.518	1.778	1.228	1.746
33	lilli_lisa_ch	lilli_lisa_ch_pause_0_517	0.55	0	0.94	0.517	1.778	1.228	1.745
34	lilli_lisa_ch	lilli_lisa_ch_pause_0_516	0.55	0	0.938	0.516	1.778	1.228	1.744
35	lilli_lisa_ch	lilli_lisa_ch_pause_0_515	0.55	0	0.936	0.515	1.778	1.228	1.743
36	lilli_lisa_ch	lilli_lisa_ch_pause_0_514	0.55	0	0.935	0.514	1.778	1.228	1.742
37	lilli_lisa_ch	lilli_lisa_ch_pause_0_513	0.55	0	0.933	0.513	1.778	1.228	1.741
38	lilli_lisa_ch	lilli_lisa_ch_pause_0_512	0.55	0	0.931	0.512	1.778	1.228	1.74
39	lilli_lisa_ch	lilli_lisa_ch_pause_0_511	0.55	0	0.929	0.511	1.778	1.228	1.739
40	lilli_lisa_ch	lilli_lisa_ch_pause_0_510	0.55	0	0.927	0.51	1.778	1.228	1.738
41	lilli_lisa_ch	lilli_lisa_ch_pause_0_509	0.55	0	0.925	0.509	1.778	1.228	1.737
42	lilli_lisa_ch	lilli_lisa_ch_pause_0_508	0.55	0	0.924	0.508	1.778	1.228	1.736
43	lilli_lisa_ch	lilli_lisa_ch_pause_0_507	0.55	0	0.922	0.507	1.778	1.228	1.735
44	lilli_lisa_ch	lilli_lisa_ch_pause_0_506	0.55	0	0.92	0.506	1.778	1.228	1.734
45	lilli_lisa_ch	lilli_lisa_ch_pause_0_505	0.55	0	0.918	0.505	1.778	1.228	1.733
46	lilli_lisa_ch	lilli_lisa_ch_pause_0_504	0.55	0	0.916	0.504	1.778	1.228	1.732
47	lilli_lisa_ch	lilli_lisa_ch_pause_0_503	0.55	0	0.915	0.503	1.778	1.228	1.731
48	lilli_lisa_ch	lilli_lisa_ch_pause_0_502	0.55	0	0.913	0.502	1.778	1.228	1.73
49	lilli_lisa_ch	lilli_lisa_ch_pause_0_501	0.55	0	0.911	0.501	1.778	1.228	1.729
50	lilli_lisa_ch	lilli_lisa_ch_pause_0_500	0.55	0	0.909	0.5	1.778	1.228	1.728
51	lilli_lisa_ch	lilli_lisa_ch_pause_0_499	0.55	0	0.907	0.499	1.778	1.228	1.727
52	lilli_lisa_ch	lilli_lisa_ch_pause_0_498	0.55	0	0.905	0.498	1.778	1.228	1.726
53	lilli_lisa_ch	lilli_lisa_ch_pause_0_497	0.55	0	0.904	0.497	1.778	1.228	1.725
54	lilli_lisa_ch	lilli_lisa_ch_pause_0_496	0.55	0	0.902	0.496	1.778	1.228	1.724
55	lilli_lisa_ch	lilli_lisa_ch_pause_0_495	0.55	0	0.9	0.495	1.778	1.228	1.723
56	lilli_lisa_ch	lilli_lisa_ch_pause_0_494	0.55	0	0.898	0.494	1.778	1.228	1.722
57	lilli_lisa_ch	lilli_lisa_ch_pause_0_493	0.55	0	0.896	0.493	1.778	1.228	1.721
58	lilli_lisa_ch	lilli_lisa_ch_pause_0_492	0.55	0	0.895	0.492	1.778	1.228	1.72
59	lilli_lisa_ch	lilli_lisa_ch_pause_0_491	0.55	0	0.893	0.491	1.778	1.228	1.719
60	lilli_lisa_ch	lilli_lisa_ch_pause_0_490	0.55	0	0.891	0.49	1.778	1.228	1.718
61	lilli_lisa_ch	lilli_lisa_ch_pause_0_489	0.55	0	0.889	0.489	1.778	1.228	1.717
62	lilli_lisa_ch	lilli_lisa_ch_pause_0_488	0.55	0	0.887	0.488	1.778	1.228	1.716
63	lilli_lisa_ch	lilli_lisa_ch_pause_0_487	0.55	0	0.885	0.487	1.778	1.228	1.715
64	lilli_lisa_ch	lilli_lisa_ch_pause_0_486	0.55	0	0.884	0.486	1.778	1.228	1.714
65	lilli_lisa_ch	lilli_lisa_ch_pause_0_485	0.55	0	0.882	0.485	1.778	1.228	1.713
66	lilli_lisa_ch	lilli_lisa_ch_pause_0_484	0.55	0	0.88	0.484	1.778	1.228	1.712
67	lilli_lisa_ch	lilli_lisa_ch_pause_0_483	0.55	0	0.878	0.483	1.778	1.228	1.711
68	lilli_lisa_ch	lilli_lisa_ch_pause_0_482	0.55	0	0.876	0.482	1.778	1.228	1.71
69	lilli_lisa_ch	lilli_lisa_ch_pause_0_481	0.55	0	0.875	0.481	1.778	1.228	1.709
70	lilli_lisa_ch	lilli_lisa_ch_pause_0_480	0.55	0	0.873	0.48	1.778	1.228	1.708
71	lilli_lisa_ch	lilli_lisa_ch_pause_0_479	0.55	0	0.871	0.479	1.778	1.228	1.707
72	lilli_lisa_ch	lilli_lisa_ch_pause_0_478	0.55	0	0.869	0.478	1.778	1.228	1.706
73	lilli_lisa_ch	lilli_lisa_ch_pause_0_477	0.55	0	0.867	0.477	1.778	1.228	1.705
74	lilli_lisa_ch	lilli_lisa_ch_pause_0_476	0.55	0	0.865	0.476	1.778	1.228	1.704
75	lilli_lisa_ch	lilli_lisa_ch_pause_0_475	0.55	0	0.864	0.475	1.778	1.228	1.703
76	lilli_lisa_ch	lilli_lisa_ch_pause_0_474	0.55	0	0.862	0.474	1.778	1.228	1.702
77	lilli_lisa_ch	lilli_lisa_ch_pause_0_473	0.55	0	0.86	0.473	1.778	1.228	1.701
78	lilli_lisa_ch	lilli_lisa_ch_pause_0_472	0.55	0	0.858	0.472	1.778	1.228	1.7
79	lilli_lisa_ch	lilli_lisa_ch_pause_0_471	0.55	0	0.856	0.471	1.778	1.228	1.699
80	lilli_lisa_ch	lilli_lisa_ch_pause_0_470	0.55	0	0.855	0.47	1.778	1.228	1.698
81	lilli_lisa_ch	lilli_lisa_ch_pause_0_469	0.55	0	0.853	0.469	1.778	1.228	1.697
82	lilli_lisa_ch	lilli_lisa_ch_pause_0_468	0.55	0	0.851	0.468	1.778	1.228	1.696
83	lilli_lisa_ch	lilli_lisa_ch_pause_0_467	0.55	0	0.849	0.467	1.778	1.228	1.695
84	lilli_lisa_ch	lilli_lisa_ch_pause_0_466	0.55	0	0.847	0.466	1.778	1.228	1.694
85	lilli_lisa_ch	lilli_lisa_ch_pause_0_465	0.55	0	0.845	0.465	1.778	1.228	1.693
86	lilli_lisa_ch	lilli_lisa_ch_pause_0_464	0.55	0	0.844	0.464	1.778	1.228	1.692
87	lilli_lisa_ch	lilli_lisa_ch_pause_0_463	0.55	0	0.842	0.463	1.778	1.228	1.691
88	lilli_lisa_ch	lilli_lisa_ch_pause_0_462	0.55	0	0.84	0.462	1.778	1.228	1.69
89	lilli_lisa_ch	lilli_lisa_ch_pause_0_461	0.55	0	0.838	0.461	1.778	1.228	1.689
90	lilli_lisa_ch	lilli_lisa_ch_pause_0_460	0.55	0	0.836	0.46	1.778	1.228	1.688
91	lilli_lisa_ch	lilli_lisa_ch_pause_0_459	0.55	0	0.835	0.459	1.778	1.228	1.687
92	lilli_lisa_ch	lilli_lisa_ch_pause_0_458	0.55	0	0.833	0.458	1.778	1.228	1.686
93	lilli_lisa_ch	lilli_lisa_ch_pause_0_457	0.55	0	0.831	0.457	1.778	1.228	1.685
94	lilli_lisa_ch	lilli_lisa_ch_pause_0_456	0.55	0	0.829	0.456	1.778	1.228	1.684
95	lilli_lisa_ch	lilli_lisa_ch_pause_0_455	0.55	0	0.827	0.455	1.778	1.228	1.683
96	lilli_lisa_ch	lilli_lisa_ch_pause_0_454	0.55	0	0.825	0.454	1.778	1.228	1.682
97	lilli_lisa_ch	lilli_lisa_ch_pause_0_453	0.55	0	0.824	0.453	1.778	1.228	1.681
98	lilli_lisa_ch	lilli_lisa_ch_pause_0_452	0.55	0	0.822	0.452	1.778	1.228	1.68
99	lilli_lisa_ch	lilli_lisa_ch_pause_0_451	0.55	0	0.82	0.451	1.778	1.228	1.679
100	lilli_lisa_ch	lilli_lisa_ch_pause_0_450	0.55	0	0.818	0.45	1.778	1.228	1.678
101	lilli_lisa_ch	lilli_lisa_ch_pause_0_449	0.55	0	0.816	0.449	1.778	1.228	1.677
102	lilli_lisa_ch	lilli_lisa_ch_pause_0_448	0.55	0	0.815	0.448	1.778	1.228	1.676
103	lilli_lisa_ch	lilli_lisa_ch_pause_0_447	0.55	0	0.813	0.447	1.778	1.228	1.675
104	lilli_lisa_ch	lilli_lisa_ch_pause_0_446	0.55	0	0.811	0.446	1.778	1.228	1.674
105	lilli_lisa_ch	lilli_lisa_ch_pause_0_445	0.55	0	0.809	0.445	1.778	1.228	1.673
106	lilli_lisa_ch	lilli_lisa_ch_pause_0_444	0.55	0	0.807	0.444	1.778	1.228	1.672
107	lilli_lisa_ch	lilli_lisa_ch_pause_0_443	0.55	0	0.805	0.443	1.778	1.228	1.671
108	lilli_lisa_ch	lilli_lisa_ch_pause_0_442	0.55	0	0.804	0.442	1.778	1.228	1.67
109	lilli_lisa_ch	lilli_lisa_ch_pause_0_441	0.55	0	0.802	0.441	1.778	1.228	1.669
110	lilli_lisa_ch	lilli_lisa_ch_pause_0_440	0.55	0	0.8	0.44	1.778	1.228	1.668
111	lilli_lisa_ch	lilli_lisa_ch_pause_0_439	0.55	0	0.798	0.439	1.778	1.228	1.667
112	lilli_lisa_ch	lilli_lisa_ch_pause_0_438	0.55	0	0.796	0.438	1.778	1.228	1.666
113	lilli_lisa_ch	lilli_lisa_ch_pause_0_437	0.55	0	0.795	0.437	1.778	1.228	1.665
114	lilli_lisa_ch	lilli_lisa_ch_pause_0_436	0.55	0	0.793	0.436	1.778	1.228	1.664
115	lilli_lisa_ch	lilli_lisa_ch_pause_0_435	0.55	0	0.791	0.435	1.778	1.228	1.663
116	lilli_lisa_ch	lilli_lisa_ch_pause_0_434	0.55	0	0.789	0.434	1.778	1.228	1.662
117	lilli_lisa_ch	lilli_lisa_ch_pause_0_433	0.55	0	0.787	0.433	1.778	1.228	1.661
118	lilli_lisa_ch	lilli_lisa_ch_pause_0_432	0.55	0	0.785	0.432	1.778	1.228	1.66
119	lilli_lisa_ch	lilli_lisa_ch_pause_0_431	0.55	0	0.784	0.431	1.778	1.228	1.659
120	lilli_lisa_ch	lilli_lisa_ch_pause_0_430	0.55	0	0.782	0.43	1.778	1.228	1.658
121	lilli_lisa_ch	lilli_lisa_ch_pause_0_429	0.55	0	0.78	0.429	1.778	1.228	1.657
122	lilli_lisa_ch	lilli_lisa_ch_pause_0_428	0.55	0	0.778	0.428	1.778	1.228	1.656
123	lilli_lisa_ch	lilli_lisa_ch_pause_0_427	0.55	0	0.776	0.427	1.778	1.228	1.655
124	lilli_lisa_ch	lilli_lisa_ch_pause_0_426	0.55	0	0.775	0.426	1.778	1.228	1.654
125	lilli_lisa_ch	lilli_lisa_ch_pause_0_425	0.55	0	0.773	0.425	1.778	1.228	1.653
126	lilli_lisa_ch	lilli_lisa_ch_pause_0_424	0.55	0	0.771	0.424	1.778	1.228	1.652
127	lilli_lisa_ch	lilli_lisa_ch_pause_0_423	0.55	0	0.769	0.423	1.778	1.228	1.651
128	lilli_lisa_ch	lilli_lisa_ch_pause_0_422	0.55	0	0.767	0.422	1.778	1.228	1.65
129	lilli_lisa_ch	lilli_lisa_ch_pause_0_421	0.55	0	0.765	0.421	1.778	1.228	1.649
130	lilli_lisa_ch	lilli_lisa_ch_pause_0_420	0.55	0	0.764	0.42	1.778	1.228	1.648
131	lilli_lisa_ch	lilli_lisa_ch_pause_0_419	0.55	0	0.762	0.419	1.778	1.228	1.647
132	lilli_lisa_ch	lilli_lisa_ch_pause_0_418	0.55	0	0.76	0.418	1.778	1.228	1.646
133	lilli_lisa_ch	lilli_lisa_ch_pause_0_417	0.55	0	0.758	0.417	1.778	1.228	1.645
134	lilli_lisa_ch	lilli_lisa_ch_pause_0_416	0.55	0	0.756	0.416	1.778	1.228	1.644
135	lilli_lisa_ch	lilli_lisa_ch_pause_0_415	0.55	0	0.755	0.415	1.778	1.228	1.643
136	lilli_lisa_ch	lilli_lisa_ch_pause_0_414	0.55	0	0.753	0.414	1.778	1.228	1.642
137	lilli_lisa_ch	lilli_lisa_ch_pause_0_413	0.55	0	0.751	0.413	1.778	1.228	1.641
138	lilli_lisa_ch	lilli_lisa_ch_pause_0_412	0.55	0	0.749	0.412	1.778	1.228	1.64
139	lilli_lisa_ch	lilli_lisa_ch_pause_0_411	0.55	0	0.747	0.411	1.778	1.228	1.639
140	lilli_lisa_ch	lilli_lisa_ch_pause_0_410	0.55	0	0.745	0.41	1.778	1.228	1.638
141	lilli_lisa_ch	lilli_lisa_ch_pause_0_409	0.55	0	0.744	0.409	1.778	1.228	1.637
142	lilli_lisa_ch	lilli_lisa_ch_pause_0_408	0.55	0	0.742	0.408	1.778	1.228	1.636
143	lilli_lisa_ch	lilli_lisa_ch_pause_0_407	0.55	0	0.74	0.407	1.778	1.228	1.635
144	lilli_lisa_ch	lilli_lisa_ch_pause_0_406	0.55	0	0.738	0.406	1.778	1.228	1.634
145	lilli_lisa_ch	lilli_lisa_ch_pause_0_405	0.55	0	0.736	0.405	1.778	1.228	1.633
146	lilli_lisa_ch	lilli_lisa_ch_pause_0_404	0.55	0	0.735	0.404	1.778	1.228	1.632
147	lilli_lisa_ch	lilli_lisa_ch_pause_0_403	0.55	0	0.733	0.403	1.778	1.228	1.631
148	lilli_lisa_ch	lilli_lisa_ch_pause_0_402	0.55	0	0.731	0.402	1.778	1.228	1.63
149	lilli_lisa_ch	lilli_lisa_ch_pause_0_401	0.55	0	0.729	0.401	1.778	1.228	1.629
150	lilli_lisa_ch	lilli_lisa_ch_pause_0_400	0.55	0	0.727	0.4	1.778	1.228	1.628
151	lilli_lisa_ch	lilli_lisa_ch_pause_0_399	0.55	0	0.725	0.399	1.778	1.228	1.627
152	lilli_lisa_ch	lilli_lisa_ch_pause_0_398	0.55	0	0.724	0.398	1.778	1.228	1.626
153	lilli_lisa_ch	lilli_lisa_ch_pause_0_397	0.55	0	0.722	0.397	1.778	1.228	1.625
154	lilli_lisa_ch	lilli_lisa_ch_pause_0_396	0.55	0	0.72	0.396	1.778	1.228	1.624
155	lilli_lisa_ch	lilli_lisa_ch_pause_0_395	0.55	0	0.718	0.395	1.778	1.228	1.623
156	lilli_lisa_ch	lilli_lisa_ch_pause_0_394	0.55	0	0.716	0.394	1.778	1.228	1.622
157	lilli_lisa_ch	lilli_lisa_ch_pause_0_393	0.55	0	0.715	0.393	1.778	1.228	1.621
158	lilli_lisa_ch	lilli_lisa_ch_pause_0_392	0.55	0	0.713	0.392	1.778	1.228	1.62
159	lilli_lisa_ch	lilli_lisa_ch_pause_0_391	0.55	0	0.711	0.391	1.778	1.228	1.619
160	lilli_lisa_ch	lilli_lisa_ch_pause_0_390	0.55	0	0.709	0.39	1.778	1.228	1.618
161	lilli_lisa_ch	lilli_lisa_ch_pause_0_389	0.55	0	0.707	0.389	1.778	1.228	1.618
162	lilli_lisa_ch	lilli_lisa_ch_pause_0_388	0.55	0	0.705	0.388	1.778	1.228	1.617
163	lilli_lisa_ch	lilli_lisa_ch_pause_0_387	0.55	0	0.704	0.387	1.778	1.228	1.616
164	lilli_lisa_ch	lilli_lisa_ch_pause_0_386	0.55	0	0.702	0.386	1.778	1.228	1.615
165	lilli_lisa_ch	lilli_lisa_ch_pause_0_385	0.55	0	0.7	0.385	1.778	1.228	1.614
166	lilli_lisa_ch	lilli_lisa_ch_pause_0_384	0.55	0	0.698	0.384	1.778	1.228	1.613
167	lilli_lisa_ch	lilli_lisa_ch_pause_0_383	0.55	0	0.696	0.383	1.778	1.228	1.612
168	lilli_lisa_ch	lilli_lisa_ch_pause_0_382	0.55	0	0.695	0.382	1.778	1.228	1.611
169	lilli_lisa_ch	lilli_lisa_ch_pause_0_381	0.55	0	0.693	0.381	1.778	1.228	1.61
170	lilli_lisa_ch	lilli_lisa_ch_pause_0_380	0.55	0	0.691	0.38	1.778	1.228	1.609
171	lilli_lisa_ch	lilli_lisa_ch_pause_0_379	0.55	0	0.689	0.379	1.778	1.228	1.608
172	lilli_lisa_ch	lilli_lisa_ch_pause_0_378	0.55	0	0.687	0.378	1.778	1.228	1.607
173	lilli_lisa_ch	lilli_lisa_ch_pause_0_377	0.55	0	0.685	0.377	1.778	1.228	1.606
174	lilli_lisa_ch	lilli_lisa_ch_pause_0_376	0.55	0	0.684	0.376	1.778	1.228	1.605
175	lilli_lisa_ch	lilli_lisa_ch_pause_0_375	0.55	0	0.682	0.375	1.778	1.228	1.604
176	lilli_lisa_ch	lilli_lisa_ch_pause_0_374	0.55	0	0.68	0.374	1.778	1.228	1.603
177	lilli_lisa_ch	lilli_lisa_ch_pause_0_373	0.55	0	0.678	0.373	1.778	1.228	1.602
178	lilli_lisa_ch	lilli_lisa_ch_pause_0_372	0.55	0	0.676	0.372	1.778	1.228	1.601
179	lilli_lisa_ch	lilli_lisa_ch_pause_0_371	0.55	0	0.675	0.371	1.778	1.228	1.6
180	lilli_lisa_ch	lilli_lisa_ch_pause_0_370	0.55	0	0.673	0.37	1.778	1.228	1.599
181	lilli_lisa_ch	lilli_lisa_ch_pause_0_369	0.55	0	0.671	0.369	1.778	1.228	1.598
182	lilli_lisa_ch	lilli_lisa_ch_pause_0_368	0.55	0	0.669	0.368	1.778	1.228	1.597
183	lilli_lisa_ch	lilli_lisa_ch_pause_0_367	0.55	0	0.667	0.367	1.778	1.228	1.596
184	lilli_lisa_ch	lilli_lisa_ch_pause_0_366	0.55	0	0.665	0.366	1.778	1.228	1.595
185	lilli_lisa_ch	lilli_lisa_ch_pause_0_365	0.55	0	0.664	0.365	1.778	1.228	1.594
186	lilli_lisa_ch	lilli_lisa_ch_pause_0_364	0.55	0	0.662	0.364	1.778	1.228	1.593
187	lilli_lisa_ch	lilli_lisa_ch_pause_0_363	0.55	0	0.66	0.363	1.778	1.228	1.592
188	lilli_lisa_ch	lilli_lisa_ch_pause_0_362	0.55	0	0.658	0.362	1.778	1.228	1.591
189	lilli_lisa_ch	lilli_lisa_ch_pause_0_361	0.55	0	0.656	0.361	1.778	1.228	1.59
190	lilli_lisa_ch	lilli_lisa_ch_pause_0_360	0.55	0	0.655	0.36	1.778	1.228	1.589
191	lilli_lisa_ch	lilli_lisa_ch_pause_0_359	0.55	0	0.653	0.359	1.778	1.228	1.588
192	lilli_lisa_ch	lilli_lisa_ch_pause_0_358	0.55	0	0.651	0.358	1.778	1.228	1.587
193	lilli_lisa_ch	lilli_lisa_ch_pause_0_357	0.55	0	0.649	0.357	1.778	1.228	1.586
194	lilli_lisa_ch	lilli_lisa_ch_pause_0_356	0.55	0	0.647	0.356	1.778	1.228	1.585
195	lilli_lisa_ch	lilli_lisa_ch_pause_0_355	0.55	0	0.645	0.355	1.778	1.228	1.584
196	lilli_lisa_ch	lilli_lisa_ch_pause_0_354	0.55	0	0.644	0.354	1.778	1.228	1.583
197	lilli_lisa_ch	lilli_lisa_ch_pause_0_353	0.55	0	0.642	0.353	1.778	1.228	1.582
198	lilli_lisa_ch	lilli_lisa_ch_pause_0_352	0.55	0	0.64	0.352	1.778	1.228	1.581
199	lilli_lisa_ch	lilli_lisa_ch_pause_0_351	0.55	0	0.638	0.351	1.778	1.228	1.58
200	lilli_lisa_ch	lilli_lisa_ch_pause_0_350	0.55	0	0.636	0.35	1.778	1.228	1.579
201	lilli_lisa_ch	lilli_lisa_ch_pause_0_349	0.55	0	0.635	0.349	1.778	1.228	1.578
202	lilli_lisa_ch	lilli_lisa_ch_pause_0_348	0.55	0	0.633	0.348	1.778	1.228	1.577
203	lilli_lisa_ch	lilli_lisa_ch_pause_0_347	0.55	0	0.631	0.347	1.778	1.228	1.576
204	lilli_lisa_ch	lilli_lisa_ch_pause_0_346	0.55	0	0.629	0.346	1.778	1.228	1.575
205	lilli_lisa_ch	lilli_lisa_ch_pause_0_345	0.55	0	0.627	0.345	1.778	1.228	1.574
206	lilli_lisa_ch	lilli_lisa_ch_pause_0_344	0.55	0	0.625	0.344	1.778	1.228	1.573
207	lilli_lisa_ch	lilli_lisa_ch_pause_0_343	0.55	0	0.624	0.343	1.778	1.228	1.572
208	lilli_lisa_ch	lilli_lisa_ch_pause_0_342	0.55	0	0.622	0.342	1.778	1.228	1.571
209	lilli_lisa_ch	lilli_lisa_ch_pause_0_341	0.55	0	0.62	0.341	1.778	1.228	1.57
210	lilli_lisa_ch	lilli_lisa_ch_pause_0_340	0.55	0	0.618	0.34	1.778	1.228	1.569
211	lilli_lisa_ch	lilli_lisa_ch_pause_0_339	0.55	0	0.616	0.339	1.778	1.228	1.568
212	lilli_lisa_ch	lilli_lisa_ch_pause_0_338	0.55	0	0.615	0.338	1.778	1.228	1.567
213	lilli_lisa_ch	lilli_lisa_ch_pause_0_337	0.55	0	0.613	0.337	1.778	1.228	1.566
214	lilli_lisa_ch	lilli_lisa_ch_pause_0_336	0.55	0	0.611	0.336	1.778	1.228	1.565
215	lilli_lisa_ch	lilli_lisa_ch_pause_0_335	0.55	0	0.609	0.335	1.778	1.228	1.564
216	lilli_lisa_ch	lilli_lisa_ch_pause_0_334	0.55	0	0.607	0.334	1.778	1.228	1.563
217	lilli_lisa_ch	lilli_lisa_ch_pause_0_333	0.55	0	0.605	0.333	1.778	1.228	1.562
218	lilli_lisa_ch	lilli_lisa_ch_pause_0_332	0.55	0	0.604	0.332	1.778	1.228	1.561
219	lilli_lisa_ch	lilli_lisa_ch_pause_0_331	0.55	0	0.602	0.331	1.778	1.228	1.56
220	lilli_lisa_ch	lilli_lisa_ch_pause_0_330	0.55	0	0.6	0.33	1.778	1.228	1.559
221	lilli_lisa_ch	lilli_lisa_ch_pause_0_329	0.55	0	0.598	0.329	1.778	1.228	1.558
222	lilli_lisa_ch	lilli_lisa_ch_pause_0_328	0.55	0	0.596	0.328	1.778	1.228	1.557
223	lilli_lisa_ch	lilli_lisa_ch_pause_0_327	0.55	0	0.595	0.327	1.778	1.228	1.556
224	lilli_lisa_ch	lilli_lisa_ch_pause_0_326	0.55	0	0.593	0.326	1.778	1.228	1.555
225	lilli_lisa_ch	lilli_lisa_ch_pause_0_325	0.55	0	0.591	0.325	1.778	1.228	1.554
226	lilli_lisa_ch	lilli_lisa_ch_pause_0_324	0.55	0	0.589	0.324	1.778	1.228	1.553
227	lilli_lisa_ch	lilli_lisa_ch_pause_0_323	0.55	0	0.587	0.323	1.778	1.228	1.552
228	lilli_lisa_ch	lilli_lisa_ch_pause_0_322	0.55	0	0.585	0.322	1.778	1.228	1.551
229	lilli_lisa_ch	lilli_lisa_ch_pause_0_321	0.55	0	0.584	0.321	1.778	1.228	1.55
230	lilli_lisa_ch	lilli_lisa_ch_pause_0_320	0.55	0	0.582	0.32	1.778	1.228	1.549
231	lilli_lisa_ch	lilli_lisa_ch_pause_0_319	0.55	0	0.58	0.319	1.778	1.228	1.548
232	lilli_lisa_ch	lilli_lisa_ch_pause_0_318	0.55	0	0.578	0.318	1.778	1.228	1.547
233	lilli_lisa_ch	lilli_lisa_ch_pause_0_317	0.55	0	0.576	0.317	1.778	1.228	1.546
234	lilli_lisa_ch	lilli_lisa_ch_pause_0_316	0.55	0	0.575	0.316	1.778	1.228	1.545
235	lilli_lisa_ch	lilli_lisa_ch_pause_0_315	0.55	0	0.573	0.315	1.778	1.228	1.544
236	lilli_lisa_ch	lilli_lisa_ch_pause_0_314	0.55	0	0.571	0.314	1.778	1.228	1.543
237	lilli_lisa_ch	lilli_lisa_ch_pause_0_313	0.55	0	0.569	0.313	1.778	1.228	1.542
238	lilli_lisa_ch	lilli_lisa_ch_pause_0_312	0.55	0	0.567	0.312	1.778	1.228	1.541
239	lilli_lisa_ch	lilli_lisa_ch_pause_0_311	0.55	0	0.565	0.311	1.778	1.228	1.54
240	lilli_lisa_ch	lilli_lisa_ch_pause_0_310	0.55	0	0.564	0.31	1.778	1.228	1.539
241	lilli_lisa_ch	lilli_lisa_ch_pause_0_309	0.55	0	0.562	0.309	1.778	1.228	1.538
242	lilli_lisa_ch	lilli_lisa_ch_pause_0_308	0.55	0	0.56	0.308	1.778	1.228	1.537
243	lilli_lisa_ch	lilli_lisa_ch_pause_0_307	0.55	0	0.558	0.307	1.778	1.228	1.536
244	lilli_lisa_ch	lilli_lisa_ch_pause_0_306	0.55	0	0.556	0.306	1.778	1.228	1.535
245	lilli_lisa_ch	lilli_lisa_ch_pause_0_305	0.55	0	0.555	0.305	1.778	1.228	1.534
246	lilli_lisa_ch	lilli_lisa_ch_pause_0_304	0.55	0	0.553	0.304	1.778	1.228	1.533
247	lilli_lisa_ch	lilli_lisa_ch_pause_0_303	0.55	0	0.551	0.303	1.778	1.228	1.532
248	lilli_lisa_ch	lilli_lisa_ch_pause_0_302	0.55	0	0.549	0.302	1.778	1.228	1.531
249	lilli_lisa_ch	lilli_lisa_ch_pause_0_301	0.55	0	0.547	0.301	1.778	1.228	1.53
250	lilli_lisa_ch	lilli_lisa_ch_pause_0_300	0.55	0	0.545	0.3	1.778	1.228	1.529
251	lilli_lisa_ch	lilli_lisa_ch_pause_0_299	0.55	0	0.544	0.299	1.778	1.228	1.528
252	lilli_lisa_ch	lilli_lisa_ch_pause_0_298	0.55	0	0.542	0.298	1.778	1.228	1.527
253	lilli_lisa_ch	lilli_lisa_ch_pause_0_297	0.55	0	0.54	0.297	1.778	1.228	1.526
254	lilli_lisa_ch	lilli_lisa_ch_pause_0_296	0.55	0	0.538	0.296	1.778	1.228	1.525
255	lilli_lisa_ch	lilli_lisa_ch_pause_0_295	0.55	0	0.536	0.295	1.778	1.228	1.524
256	lilli_lisa_ch	lilli_lisa_ch_pause_0_294	0.55	0	0.535	0.294	1.778	1.228	1.523
257	lilli_lisa_ch	lilli_lisa_ch_pause_0_293	0.55	0	0.533	0.293	1.778	1.228	1.522
258	lilli_lisa_ch	lilli_lisa_ch_pause_0_292	0.55	0	0.531	0.292	1.778	1.228	1.521
259	lilli_lisa_ch	lilli_lisa_ch_pause_0_291	0.55	0	0.529	0.291	1.778	1.228	1.52
260	lilli_lisa_ch	lilli_lisa_ch_pause_0_290	0.55	0	0.527	0.29	1.778	1.228	1.519
261	lilli_lisa_ch	lilli_lisa_ch_pause_0_289	0.55	0	0.525	0.289	1.778	1.228	1.518
262	lilli_lisa_ch	lilli_lisa_ch_pause_0_288	0.55	0	0.524	0.288	1.778	1.228	1.517
263	lilli_lisa_ch	lilli_lisa_ch_pause_0_287	0.55	0	0.522	0.287	1.778	1.228	1.516
264	lilli_lisa_ch	lilli_lisa_ch_pause_0_286	0.55	0	0.52	0.286	1.778	1.228	1.515
265	lilli_lisa_ch	lilli_lisa_ch_pause_0_285	0.55	0	0.518	0.285	1.778	1.228	1.514
266	lilli_lisa_ch	lilli_lisa_ch_pause_0_284	0.55	0	0.516	0.284	1.778	1.228	1.513
267	lilli_lisa_ch	lilli_lisa_ch_pause_0_283	0.55	0	0.515	0.283	1.778	1.228	1.512
268	lilli_lisa_ch	lilli_lisa_ch_pause_0_282	0.55	0	0.513	0.282	1.778	1.228	1.511
269	lilli_lisa_ch	lilli_lisa_ch_pause_0_281	0.55	0	0.511	0.281	1.778	1.228	1.51
270	lilli_lisa_ch	lilli_lisa_ch_pause_0_280	0.55	0	0.509	0.28	1.778	1.228	1.509
271	lilli_lisa_ch	lilli_lisa_ch_pause_0_279	0.55	0	0.507	0.279	1.778	1.228	1.508
272	lilli_lisa_ch	lilli_lisa_ch_pause_0_278	0.55	0	0.505	0.278	1.778	1.228	1.507
273	lilli_lisa_ch	lilli_lisa_ch_pause_0_277	0.55	0	0.504	0.277	1.778	1.228	1.506
274	lilli_lisa_ch	lilli_lisa_ch_pause_0_276	0.55	0	0.502	0.276	1.778	1.228	1.505
275	lilli_lisa_ch	lilli_lisa_ch_pause_0_275	0.55	0	0.5	0.275	1.778	1.228	1.504
276	lilli_lisa_ch	lilli_lisa_ch_pause_0_274	0.55	0	0.498	0.274	1.778	1.228	1.503
277	lilli_lisa_ch	lilli_lisa_ch_pause_0_273	0.55	0	0.496	0.273	1.778	1.228	1.502
278	lilli_lisa_ch	lilli_lisa_ch_pause_0_272	0.55	0	0.495	0.272	1.778	1.228	1.501
279	lilli_lisa_ch	lilli_lisa_ch_pause_0_271	0.55	0	0.493	0.271	1.778	1.228	1.5
280	lilli_lisa_ch	lilli_lisa_ch_pause_0_270	0.55	0	0.491	0.27	1.778	1.228	1.499
281	lilli_lisa_ch	lilli_lisa_ch_pause_0_269	0.55	0	0.489	0.269	1.778	1.228	1.498
282	lilli_lisa_ch	lilli_lisa_ch_pause_0_268	0.55	0	0.487	0.268	1.778	1.228	1.497
283	lilli_lisa_ch	lilli_lisa_ch_pause_0_267	0.55	0	0.485	0.267	1.778	1.228	1.496
284	lilli_lisa_ch	lilli_lisa_ch_pause_0_266	0.55	0	0.484	0.266	1.778	1.228	1.495
285	lilli_lisa_ch	lilli_lisa_ch_pause_0_265	0.55	0	0.482	0.265	1.778	1.228	1.494
286	lilli_lisa_ch	lilli_lisa_ch_pause_0_264	0.55	0	0.48	0.264	1.778	1.228	1.493
287	lilli_lisa_ch	lilli_lisa_ch_pause_0_263	0.55	0	0.478	0.263	1.778	1.228	1.492
288	lilli_lisa_ch	lilli_lisa_ch_pause_0_262	0.55	0	0.476	0.262	1.778	1.228	1.491
289	lilli_lisa_ch	lilli_lisa_ch_pause_0_261	0.55	0	0.475	0.261	1.778	1.228	1.49
290	lilli_lisa_ch	lilli_lisa_ch_pause_0_260	0.55	0	0.473	0.26	1.778	1.228	1.489
291	lilli_lisa_ch	lilli_lisa_ch_pause_0_259	0.55	0	0.471	0.259	1.778	1.228	1.488
292	lilli_lisa_ch	lilli_lisa_ch_pause_0_258	0.55	0	0.469	0.258	1.778	1.228	1.487
293	lilli_lisa_ch	lilli_lisa_ch_pause_0_257	0.55	0	0.467	0.257	1.778	1.228	1.486
294	lilli_lisa_ch	lilli_lisa_ch_pause_0_256	0.55	0	0.465	0.256	1.778	1.228	1.485
295	lilli_lisa_ch	lilli_lisa_ch_pause_0_255	0.55	0	0.464	0.255	1.778	1.228	1.484
296	lilli_lisa_ch	lilli_lisa_ch_pause_0_254	0.55	0	0.462	0.254	1.778	1.228	1.483
297	lilli_lisa_ch	lilli_lisa_ch_pause_0_253	0.55	0	0.46	0.253	1.778	1.228	1.482
298	lilli_lisa_ch	lilli_lisa_ch_pause_0_252	0.55	0	0.458	0.252	1.778	1.228	1.481
299	lilli_lisa_ch	lilli_lisa_ch_pause_0_251	0.55	0	0.456	0.251	1.778	1.228	1.48
300	lilli_lisa_ch	lilli_lisa_ch_pause_0_250	0.55	0	0.455	0.25	1.778	1.228	1.479
301	lilli_lisa_ch	lilli_lisa_ch_pause_0_249	0.55	0	0.453	0.249	1.778	1.228	1.478
302	lilli_lisa_ch	lilli_lisa_ch_pause_0_248	0.55	0	0.451	0.248	1.778	1.228	1.477
303	lilli_lisa_ch	lilli_lisa_ch_pause_0_247	0.55	0	0.449	0.247	1.778	1.228	1.476
304	lilli_lisa_ch	lilli_lisa_ch_pause_0_246	0.55	0	0.447	0.246	1.778	1.228	1.475
305	lilli_lisa_ch	lilli_lisa_ch_pause_0_245	0.55	0	0.445	0.245	1.778	1.228	1.474
306	lilli_lisa_ch	lilli_lisa_ch_pause_0_244	0.55	0	0.444	0.244	1.778	1.228	1.473
307	lilli_lisa_ch	lilli_lisa_ch_pause_0_243	0.55	0	0.442	0.243	1.778	1.228	1.472
308	lilli_lisa_ch	lilli_lisa_ch_pause_0_242	0.55	0	0.44	0.242	1.778	1.228	1.471
309	lilli_lisa_ch	lilli_lisa_ch_pause_0_241	0.55	0	0.438	0.241	1.778	1.228	1.47
310	lilli_lisa_ch	lilli_lisa_ch_pause_0_240	0.55	0	0.436	0.24	1.778	1.228	1.469
311	lilli_lisa_ch	lilli_lisa_ch_pause_0_239	0.55	0	0.435	0.239	1.778	1.228	1.468
312	lilli_lisa_ch	lilli_lisa_ch_pause_0_238	0.55	0	0.433	0.238	1.778	1.228	1.467
313	lilli_lisa_ch	lilli_lisa_ch_pause_0_237	0.55	0	0.431	0.237	1.778	1.228	1.466
314	lilli_lisa_ch	lilli_lisa_ch_pause_0_236	0.55	0	0.429	0.236	1.778	1.228	1.465
315	lilli_lisa_ch	lilli_lisa_ch_pause_0_235	0.55	0	0.427	0.235	1.778	1.228	1.464
316	lilli_lisa_ch	lilli_lisa_ch_pause_0_234	0.55	0	0.425	0.234	1.778	1.228	1.463
317	lilli_lisa_ch	lilli_lisa_ch_pause_0_233	0.55	0	0.424	0.233	1.778	1.228	1.462
318	lilli_lisa_ch	lilli_lisa_ch_pause_0_232	0.55	0	0.422	0.232	1.778	1.228	1.461
319	lilli_lisa_ch	lilli_lisa_ch_pause_0_231	0.55	0	0.42	0.231	1.778	1.228	1.46
320	lilli_lisa_ch	lilli_lisa_ch_pause_0_230	0.55	0	0.418	0.23	1.778	1.228	1.459
321	lilli_lisa_ch	lilli_lisa_ch_pause_0_229	0.55	0	0.416	0.229	1.778	1.228	1.458
322	lilli_lisa_ch	lilli_lisa_ch_pause_0_228	0.55	0	0.415	0.228	1.778	1.228	1.457
323	lilli_lisa_ch	lilli_lisa_ch_pause_0_227	0.55	0	0.413	0.227	1.778	1.228	1.456
324	lilli_lisa_ch	lilli_lisa_ch_pause_0_226	0.55	0	0.411	0.226	1.778	1.228	1.455
325	lilli_lisa_ch	lilli_lisa_ch_pause_0_225	0.55	0	0.409	0.225	1.778	1.228	1.454
326	lilli_lisa_ch	lilli_lisa_ch_pause_0_224	0.55	0	0.407	0.224	1.778	1.228	1.453
327	lilli_lisa_ch	lilli_lisa_ch_pause_0_223	0.55	0	0.405	0.223	1.778	1.228	1.452
328	lilli_lisa_ch	lilli_lisa_ch_pause_0_222	0.55	0	0.404	0.222	1.778	1.228	1.451
329	lilli_lisa_ch	lilli_lisa_ch_pause_0_221	0.55	0	0.402	0.221	1.778	1.228	1.45
330	lilli_lisa_ch	lilli_lisa_ch_pause_0_220	0.55	0	0.4	0.22	1.778	1.228	1.449
331	lilli_lisa_ch	lilli_lisa_ch_pause_0_219	0.55	0	0.398	0.219	1.778	1.228	1.448
332	lilli_lisa_ch	lilli_lisa_ch_pause_0_218	0.55	0	0.396	0.218	1.778	1.228	1.447
333	lilli_lisa_ch	lilli_lisa_ch_pause_0_217	0.55	0	0.395	0.217	1.778	1.228	1.446
334	lilli_lisa_ch	lilli_lisa_ch_pause_0_216	0.55	0	0.393	0.216	1.778	1.228	1.445
335	lilli_lisa_ch	lilli_lisa_ch_pause_0_215	0.55	0	0.391	0.215	1.778	1.228	1.444
336	lilli_lisa_ch	lilli_lisa_ch_pause_0_214	0.55	0	0.389	0.214	1.778	1.228	1.443
337	lilli_lisa_ch	lilli_lisa_ch_pause_0_213	0.55	0	0.387	0.213	1.778	1.228	1.442
338	lilli_lisa_ch	lilli_lisa_ch_pause_0_212	0.55	0	0.385	0.212	1.778	1.228	1.441
339	lilli_lisa_ch	lilli_lisa_ch_pause_0_211	0.55	0	0.384	0.211	1.778	1.228	1.44
340	lilli_lisa_ch	lilli_lisa_ch_pause_0_210	0.55	0	0.382	0.21	1.778	1.228	1.439
341	lilli_lisa_ch	lilli_lisa_ch_pause_0_209	0.55	0	0.38	0.209	1.778	1.228	1.438
342	lilli_lisa_ch	lilli_lisa_ch_pause_0_208	0.55	0	0.378	0.208	1.778	1.228	1.437
343	lilli_lisa_ch	lilli_lisa_ch_pause_0_207	0.55	0	0.376	0.207	1.778	1.228	1.436
344	lilli_lisa_ch	lilli_lisa_ch_pause_0_206	0.55	0	0.375	0.206	1.778	1.228	1.435
345	lilli_lisa_ch	lilli_lisa_ch_pause_0_205	0.55	0	0.373	0.205	1.778	1.228	1.434
346	lilli_lisa_ch	lilli_lisa_ch_pause_0_204	0.55	0	0.371	0.204	1.778	1.228	1.433
347	lilli_lisa_ch	lilli_lisa_ch_pause_0_203	0.55	0	0.369	0.203	1.778	1.228	1.432
348	lilli_lisa_ch	lilli_lisa_ch_pause_0_202	0.55	0	0.367	0.202	1.778	1.228	1.431
349	lilli_lisa_ch	lilli_lisa_ch_pause_0_201	0.55	0	0.365	0.201	1.778	1.228	1.43
350	lilli_lisa_ch	lilli_lisa_ch_pause_0_200	0.55	0	0.364	0.2	1.778	1.228	1.429
351	lilli_lisa_ch	lilli_lisa_ch_pause_0_199	0.55	0	0.362	0.199	1.778	1.228	1.428
352	lilli_lisa_ch	lilli_lisa_ch_pause_0_198	0.55	0	0.36	0.198	1.778	1.228	1.427
353	lilli_lisa_ch	lilli_lisa_ch_pause_0_197	0.55	0	0.358	0.197	1.778	1.228	1.426
354	lilli_lisa_ch	lilli_lisa_ch_pause_0_196	0.55	0	0.356	0.196	1.778	1.228	1.425
355	lilli_lisa_ch	lilli_lisa_ch_pause_0_195	0.55	0	0.355	0.195	1.778	1.228	1.424
356	lilli_lisa_ch	lilli_lisa_ch_pause_0_194	0.55	0	0.353	0.194	1.778	1.228	1.423
357	lilli_lisa_ch	lilli_lisa_ch_pause_0_193	0.55	0	0.351	0.193	1.778	1.228	1.422
358	lilli_lisa_ch	lilli_lisa_ch_pause_0_192	0.55	0	0.349	0.192	1.778	1.228	1.421
359	lilli_lisa_ch	lilli_lisa_ch_pause_0_191	0.55	0	0.347	0.191	1.778	1.228	1.42
360	lilli_lisa_ch	lilli_lisa_ch_pause_0_190	0.55	0	0.345	0.19	1.778	1.228	1.419
361	lilli_lisa_ch	lilli_lisa_ch_pause_0_189	0.55	0	0.344	0.189	1.778	1.228	1.418
362	lilli_lisa_ch	lilli_lisa_ch_pause_0_188	0.55	0	0.342	0.188	1.778	1.228	1.417
363	lilli_lisa_ch	lilli_lisa_ch_pause_0_187	0.55	0	0.34	0.187	1.778	1.228	1.416
364	lilli_lisa_ch	lilli_lisa_ch_pause_0_186	0.55	0	0.338	0.186	1.778	1.228	1.415
365	lilli_lisa_ch	lilli_lisa_ch_pause_0_185	0.55	0	0.336	0.185	1.778	1.228	1.414
366	lilli_lisa_ch	lilli_lisa_ch_pause_0_184	0.55	0	0.335	0.184	1.778	1.228	1.413
367	lilli_lisa_ch	lilli_lisa_ch_pause_0_183	0.55	0	0.333	0.183	1.778	1.228	1.412
368	lilli_lisa_ch	lilli_lisa_ch_pause_0_182	0.55	0	0.331	0.182	1.778	1.228	1.411
369	lilli_lisa_ch	lilli_lisa_ch_pause_0_181	0.55	0	0.329	0.181	1.778	1.228	1.41
370	lilli_lisa_ch	lilli_lisa_ch_pause_0_180	0.55	0	0.327	0.18	1.778	1.228	1.409
371	lilli_lisa_ch	lilli_lisa_ch_pause_0_179	0.55	0	0.325	0.179	1.778	1.228	1.408
372	lilli_lisa_ch	lilli_lisa_ch_pause_0_178	0.55	0	0.324	0.178	1.778	1.228	1.407
373	lilli_lisa_ch	lilli_lisa_ch_pause_0_177	0.55	0	0.322	0.177	1.778	1.228	1.406
374	lilli_lisa_ch	lilli_lisa_ch_pause_0_176	0.55	0	0.32	0.176	1.778	1.228	1.405
375	lilli_lisa_ch	lilli_lisa_ch_pause_0_175	0.55	0	0.318	0.175	1.778	1.228	1.404
376	lilli_lisa_ch	lilli_lisa_ch_pause_0_174	0.55	0	0.316	0.174	1.778	1.228	1.403
377	lilli_lisa_ch	lilli_lisa_ch_pause_0_173	0.55	0	0.315	0.173	1.778	1.228	1.402
378	lilli_lisa_ch	lilli_lisa_ch_pause_0_172	0.55	0	0.313	0.172	1.778	1.228	1.401
379	lilli_lisa_ch	lilli_lisa_ch_pause_0_171	0.55	0	0.311	0.171	1.778	1.228	1.4
380	lilli_lisa_ch	lilli_lisa_ch_pause_0_170	0.55	0	0.309	0.17	1.778	1.228	1.399
381	lilli_lisa_ch	lilli_lisa_ch_pause_0_169	0.55	0	0.307	0.169	1.778	1.228	1.398
382	lilli_lisa_ch	lilli_lisa_ch_pause_0_168	0.55	0	0.305	0.168	1.778	1.228	1.397
383	lilli_lisa_ch	lilli_lisa_ch_pause_0_167	0.55	0	0.304	0.167	1.778	1.228	1.396
384	lilli_lisa_ch	lilli_lisa_ch_pause_0_166	0.55	0	0.302	0.166	1.778	1.228	1.395
385	lilli_lisa_ch	lilli_lisa_ch_pause_0_165	0.55	0	0.3	0.165	1.778	1.228	1.394
386	lilli_lisa_ch	lilli_lisa_ch_pause_0_164	0.55	0	0.298	0.164	1.778	1.228	1.393
387	lilli_lisa_ch	lilli_lisa_ch_pause_0_163	0.55	0	0.296	0.163	1.778	1.228	1.392
388	lilli_lisa_ch	lilli_lisa_ch_pause_0_162	0.55	0	0.295	0.162	1.778	1.228	1.391
389	lilli_lisa_ch	lilli_lisa_ch_pause_0_161	0.55	0	0.293	0.161	1.778	1.228	1.39
390	lilli_lisa_ch	lilli_lisa_ch_pause_0_160	0.55	0	0.291	0.16	1.778	1.228	1.389
391	lilli_lisa_ch	lilli_lisa_ch_pause_0_159	0.55	0	0.289	0.159	1.778	1.228	1.388
392	lilli_lisa_ch	lilli_lisa_ch_pause_0_158	0.55	0	0.287	0.158	1.778	1.228	1.387
393	lilli_lisa_ch	lilli_lisa_ch_pause_0_157	0.55	0	0.285	0.157	1.778	1.228	1.386
394	lilli_lisa_ch	lilli_lisa_ch_pause_0_156	0.55	0	0.284	0.156	1.778	1.228	1.385
395	lilli_lisa_ch	lilli_lisa_ch_pause_0_155	0.55	0	0.282	0.155	1.778	1.228	1.384
396	lilli_lisa_ch	lilli_lisa_ch_pause_0_154	0.55	0	0.28	0.154	1.778	1.228	1.383
397	lilli_lisa_ch	lilli_lisa_ch_pause_0_153	0.55	0	0.278	0.153	1.778	1.228	1.382
398	lilli_lisa_ch	lilli_lisa_ch_pause_0_152	0.55	0	0.276	0.152	1.778	1.228	1.381
399	lilli_lisa_ch	lilli_lisa_ch_pause_0_151	0.55	0	0.275	0.151	1.778	1.228	1.38
400	lilli_lisa_ch	lilli_lisa_ch_pause_0_150	0.55	0	0.273	0.15	1.778	1.228	1.379
401	lilli_lisa_ch	lilli_lisa_ch_pause_0_149	0.55	0	0.271	0.149	1.778	1.228	1.378
402	lilli_lisa_ch	lilli_lisa_ch_pause_0_148	0.55	0	0.269	0.148	1.778	1.228	1.377
403	lilli_lisa_ch	lilli_lisa_ch_pause_0_147	0.55	0	0.267	0.147	1.778	1.228	1.376
404	lilli_lisa_ch	lilli_lisa_ch_pause_0_146	0.55	0	0.265	0.146	1.778	1.228	1.375
405	lilli_lisa_ch	lilli_lisa_ch_pause_0_145	0.55	0	0.264	0.145	1.778	1.228	1.374
406	lilli_lisa_ch	lilli_lisa_ch_pause_0_144	0.55	0	0.262	0.144	1.778	1.228	1.373
407	lilli_lisa_ch	lilli_lisa_ch_pause_0_143	0.55	0	0.26	0.143	1.778	1.228	1.372
408	lilli_lisa_ch	lilli_lisa_ch_pause_0_142	0.55	0	0.258	0.142	1.778	1.228	1.371
409	lilli_lisa_ch	lilli_lisa_ch_pause_0_141	0.55	0	0.256	0.141	1.778	1.228	1.37
410	lilli_lisa_ch	lilli_lisa_ch_pause_0_140	0.55	0	0.255	0.14	1.778	1.228	1.369
411	lilli_lisa_ch	lilli_lisa_ch_pause_0_139	0.55	0	0.253	0.139	1.778	1.228	1.368
412	lilli_lisa_ch	lilli_lisa_ch_pause_0_138	0.55	0	0.251	0.138	1.778	1.228	1.367
413	lilli_lisa_ch	lilli_lisa_ch_pause_0_137	0.55	0	0.249	0.137	1.778	1.228	1.366
414	lilli_lisa_ch	lilli_lisa_ch_pause_0_136	0.55	0	0.247	0.136	1.778	1.228	1.365
415	lilli_lisa_ch	lilli_lisa_ch_pause_0_135	0.55	0	0.245	0.135	1.778	1.228	1.364
416	lilli_lisa_ch	lilli_lisa_ch_pause_0_134	0.55	0	0.244	0.134	1.778	1.228	1.363
417	lilli_lisa_ch	lilli_lisa_ch_pause_0_133	0.55	0	0.242	0.133	1.778	1.228	1.362
418	lilli_lisa_ch	lilli_lisa_ch_pause_0_132	0.55	0	0.24	0.132	1.778	1.228	1.361
419	lilli_lisa_ch	lilli_lisa_ch_pause_0_131	0.55	0	0.238	0.131	1.778	1.228	1.36
420	lilli_lisa_ch	lilli_lisa_ch_pause_0_130	0.55	0	0.236	0.13	1.778	1.228	1.359
421	lilli_lisa_ch	lilli_lisa_ch_pause_0_129	0.55	0	0.235	0.129	1.778	1.228	1.358
422	lilli_lisa_ch	lilli_lisa_ch_pause_0_128	0.55	0	0.233	0.128	1.778	1.228	1.357
423	lilli_lisa_ch	lilli_lisa_ch_pause_0_127	0.55	0	0.231	0.127	1.778	1.228	1.356
424	lilli_lisa_ch	lilli_lisa_ch_pause_0_126	0.55	0	0.229	0.126	1.778	1.228	1.355
425	lilli_lisa_ch	lilli_lisa_ch_pause_0_125	0.55	0	0.227	0.125	1.778	1.228	1.354
426	lilli_lisa_ch	lilli_lisa_ch_pause_0_124	0.55	0	0.225	0.124	1.778	1.228	1.353
427	lilli_lisa_ch	lilli_lisa_ch_pause_0_123	0.55	0	0.224	0.123	1.778	1.228	1.352
428	lilli_lisa_ch	lilli_lisa_ch_pause_0_122	0.55	0	0.222	0.122	1.778	1.228	1.351
429	lilli_lisa_ch	lilli_lisa_ch_pause_0_121	0.55	0	0.22	0.121	1.778	1.228	1.35
430	lilli_lisa_ch	lilli_lisa_ch_pause_0_120	0.55	0	0.218	0.12	1.778	1.228	1.349
431	lilli_lisa_ch	lilli_lisa_ch_pause_0_119	0.55	0	0.216	0.119	1.778	1.228	1.348
432	lilli_lisa_ch	lilli_lisa_ch_pause_0_118	0.55	0	0.215	0.118	1.778	1.228	1.347
433	lilli_lisa_ch	lilli_lisa_ch_pause_0_117	0.55	0	0.213	0.117	1.778	1.228	1.346
434	lilli_lisa_ch	lilli_lisa_ch_pause_0_116	0.55	0	0.211	0.116	1.778	1.228	1.345
435	lilli_lisa_ch	lilli_lisa_ch_pause_0_115	0.55	0	0.209	0.115	1.778	1.228	1.344
436	lilli_lisa_ch	lilli_lisa_ch_pause_0_114	0.55	0	0.207	0.114	1.778	1.228	1.343
437	lilli_lisa_ch	lilli_lisa_ch_pause_0_113	0.55	0	0.205	0.113	1.778	1.228	1.342
438	lilli_lisa_ch	lilli_lisa_ch_pause_0_112	0.55	0	0.204	0.112	1.778	1.228	1.341
439	lilli_lisa_ch	lilli_lisa_ch_pause_0_111	0.55	0	0.202	0.111	1.778	1.228	1.34
440	lilli_lisa_ch	lilli_lisa_ch_pause_0_110	0.55	0	0.2	0.11	1.778	1.228	1.339
441	lilli_lisa_ch	lilli_lisa_ch_pause_0_109	0.55	0	0.198	0.109	1.778	1.228	1.338
442	lilli_lisa_ch	lilli_lisa_ch_pause_0_108	0.55	0	0.196	0.108	1.778	1.228	1.337
443	lilli_lisa_ch	lilli_lisa_ch_pause_0_107	0.55	0	0.195	0.107	1.778	1.228	1.336
444	lilli_lisa_ch	lilli_lisa_ch_pause_0_106	0.55	0	0.193	0.106	1.778	1.228	1.335
445	lilli_lisa_ch	lilli_lisa_ch_pause_0_105	0.55	0	0.191	0.105	1.778	1.228	1.334
446	lilli_lisa_ch	lilli_lisa_ch_pause_0_104	0.55	0	0.189	0.104	1.778	1.228	1.333
447	lilli_lisa_ch	lilli_lisa_ch_pause_0_103	0.55	0	0.187	0.103	1.778	1.228	1.332
448	lilli_lisa_ch	lilli_lisa_ch_pause_0_102	0.55	0	0.185	0.102	1.778	1.228	1.331
449	lilli_lisa_ch	lilli_lisa_ch_pause_0_101	0.55	0	0.184	0.101	1.778	1.228	1.33
450	lilli_lisa_ch	lilli_lisa_ch_pause_0_100	0.55	0	0.182	0.1	1.778	1.228	1.329
451	lilli_lisa_ch	lilli_lisa_ch_pause_0_099	0.55	0	0.18	0.099	1.778	1.228	1.328
452	lilli_lisa_ch	lilli_lisa_ch_pause_0_098	0.55	0	0.178	0.098	1.778	1.228	1.327
453	lilli_lisa_ch	lilli_lisa_ch_pause_0_097	0.55	0	0.176	0.097	1.778	1.228	1.326
454	lilli_lisa_ch	lilli_lisa_ch_pause_0_096	0.55	0	0.175	0.096	1.778	1.228	1.325
455	lilli_lisa_ch	lilli_lisa_ch_pause_0_095	0.55	0	0.173	0.095	1.778	1.228	1.324
456	lilli_lisa_ch	lilli_lisa_ch_pause_0_094	0.55	0	0.171	0.094	1.778	1.228	1.323
457	lilli_lisa_ch	lilli_lisa_ch_pause_0_093	0.55	0	0.169	0.093	1.778	1.228	1.322
458	lilli_lisa_ch	lilli_lisa_ch_pause_0_092	0.55	0	0.167	0.092	1.778	1.228	1.321
459	lilli_lisa_ch	lilli_lisa_ch_pause_0_091	0.55	0	0.165	0.091	1.778	1.228	1.32
460	lilli_lisa_ch	lilli_lisa_ch_pause_0_090	0.55	0	0.164	0.09	1.778	1.228	1.319
461	lilli_lisa_ch	lilli_lisa_ch_pause_0_089	0.55	0	0.162	0.089	1.778	1.228	1.318
462	lilli_lisa_ch	lilli_lisa_ch_pause_0_088	0.55	0	0.16	0.088	1.778	1.228	1.317
463	lilli_lisa_ch	lilli_lisa_ch_pause_0_087	0.55	0	0.158	0.087	1.778	1.228	1.316
464	lilli_lisa_ch	lilli_lisa_ch_pause_0_086	0.55	0	0.156	0.086	1.778	1.228	1.315
465	lilli_lisa_ch	lilli_lisa_ch_pause_0_085	0.55	0	0.155	0.085	1.778	1.228	1.314
466	lilli_lisa_ch	lilli_lisa_ch_pause_0_084	0.55	0	0.153	0.084	1.778	1.228	1.313
467	lilli_lisa_ch	lilli_lisa_ch_pause_0_083	0.55	0	0.151	0.083	1.778	1.228	1.312
468	lilli_lisa_ch	lilli_lisa_ch_pause_0_082	0.55	0	0.149	0.082	1.778	1.228	1.311
469	lilli_lisa_ch	lilli_lisa_ch_pause_0_081	0.55	0	0.147	0.081	1.778	1.228	1.31
470	lilli_lisa_ch	lilli_lisa_ch_pause_0_080	0.55	0	0.145	0.08	1.778	1.228	1.309
471	lilli_lisa_ch	lilli_lisa_ch_pause_0_079	0.55	0	0.144	0.079	1.778	1.228	1.308
472	lilli_lisa_ch	lilli_lisa_ch_pause_0_078	0.55	0	0.142	0.078	1.778	1.228	1.307
473	lilli_lisa_ch	lilli_lisa_ch_pause_0_077	0.55	0	0.14	0.077	1.778	1.228	1.306
474	lilli_lisa_ch	lilli_lisa_ch_pause_0_076	0.55	0	0.138	0.076	1.778	1.228	1.305
475	lilli_lisa_ch	lilli_lisa_ch_pause_0_075	0.55	0	0.136	0.075	1.778	1.228	1.304
476	lilli_lisa_ch	lilli_lisa_ch_pause_0_074	0.55	0	0.135	0.074	1.778	1.228	1.303
477	lilli_lisa_ch	lilli_lisa_ch_pause_0_073	0.55	0	0.133	0.073	1.778	1.228	1.302
478	lilli_lisa_ch	lilli_lisa_ch_pause_0_072	0.55	0	0.131	0.072	1.778	1.228	1.301
479	lilli_lisa_ch	lilli_lisa_ch_pause_0_071	0.55	0	0.129	0.071	1.778	1.228	1.3
480	lilli_lisa_ch	lilli_lisa_ch_pause_0_070	0.55	0	0.127	0.07	1.778	1.228	1.299
481	lilli_lisa_ch	lilli_lisa_ch_pause_0_069	0.55	0	0.125	0.069	1.778	1.228	1.298
482	lilli_lisa_ch	lilli_lisa_ch_pause_0_068	0.55	0	0.124	0.068	1.778	1.228	1.297
483	lilli_lisa_ch	lilli_lisa_ch_pause_0_067	0.55	0	0.122	0.067	1.778	1.228	1.296
484	lilli_lisa_ch	lilli_lisa_ch_pause_0_066	0.55	0	0.12	0.066	1.778	1.228	1.295
485	lilli_lisa_ch	lilli_lisa_ch_pause_0_065	0.55	0	0.118	0.065	1.778	1.228	1.294
486	lilli_lisa_ch	lilli_lisa_ch_pause_0_064	0.55	0	0.116	0.064	1.778	1.228	1.293
487	lilli_lisa_ch	lilli_lisa_ch_pause_0_063	0.55	0	0.115	0.063	1.778	1.228	1.292
488	lilli_lisa_ch	lilli_lisa_ch_pause_0_062	0.55	0	0.113	0.062	1.778	1.228	1.291
489	lilli_lisa_ch	lilli_lisa_ch_pause_0_061	0.55	0	0.111	0.061	1.778	1.228	1.29
490	lilli_lisa_ch	lilli_lisa_ch_pause_0_060	0.55	0	0.109	0.06	1.778	1.228	1.289
491	lilli_lisa_ch	lilli_lisa_ch_pause_0_059	0.55	0	0.107	0.059	1.778	1.228	1.288
492	lilli_lisa_ch	lilli_lisa_ch_pause_0_058	0.55	0	0.105	0.058	1.778	1.228	1.287
493	lilli_lisa_ch	lilli_lisa_ch_pause_0_057	0.55	0	0.104	0.057	1.778	1.228	1.286
494	lilli_lisa_ch	lilli_lisa_ch_pause_0_056	0.55	0	0.102	0.056	1.778	1.228	1.285
495	lilli_lisa_ch	lilli_lisa_ch_pause_0_055	0.55	0	0.1	0.055	1.778	1.228	1.284
496	lilli_lisa_ch	lilli_lisa_ch_pause_0_054	0.55	0	0.098	0.054	1.778	1.228	1.283
497	lilli_lisa_ch	lilli_lisa_ch_pause_0_053	0.55	0	0.096	0.053	1.778	1.228	1.282
498	lilli_lisa_ch	lilli_lisa_ch_pause_0_052	0.55	0	0.095	0.052	1.778	1.228	1.281
499	lilli_lisa_ch	lilli_lisa_ch_pause_0_051	0.55	0	0.093	0.051	1.778	1.228	1.28
500	lilli_lisa_ch	lilli_lisa_ch_pause_0_050	0.55	0	0.091	0.05	1.778	1.228	1.279
501	lilli_lisa_ch	lilli_lisa_ch_pause_0_049	0.55	0	0.089	0.049	1.778	1.228	1.278
502	lilli_lisa_ch	lilli_lisa_ch_pause_0_048	0.55	0	0.087	0.048	1.778	1.228	1.277
503	lilli_lisa_ch	lilli_lisa_ch_pause_0_047	0.55	0	0.085	0.047	1.778	1.228	1.276
504	lilli_lisa_ch	lilli_lisa_ch_pause_0_046	0.55	0	0.084	0.046	1.778	1.228	1.275
505	lilli_lisa_ch	lilli_lisa_ch_pause_0_045	0.55	0	0.082	0.045	1.778	1.228	1.274
506	lilli_lisa_ch	lilli_lisa_ch_pause_0_044	0.55	0	0.08	0.044	1.778	1.228	1.273
507	lilli_lisa_ch	lilli_lisa_ch_pause_0_043	0.55	0	0.078	0.043	1.778	1.228	1.272
508	lilli_lisa_ch	lilli_lisa_ch_pause_0_042	0.55	0	0.076	0.042	1.778	1.228	1.271
509	lilli_lisa_ch	lilli_lisa_ch_pause_0_041	0.55	0	0.075	0.041	1.778	1.228	1.27
510	lilli_lisa_ch	lilli_lisa_ch_pause_0_040	0.55	0	0.073	0.04	1.778	1.228	1.269
511	lilli_lisa_ch	lilli_lisa_ch_pause_0_039	0.55	0	0.071	0.039	1.778	1.228	1.268
512	lilli_lisa_ch	lilli_lisa_ch_pause_0_038	0.55	0	0.069	0.038	1.778	1.228	1.267
513	lilli_lisa_ch	lilli_lisa_ch_pause_0_037	0.55	0	0.067	0.037	1.778	1.228	1.266
514	lilli_lisa_ch	lilli_lisa_ch_pause_0_036	0.55	0	0.065	0.036	1.778	1.228	1.265
515	lilli_lisa_ch	lilli_lisa_ch_pause_0_035	0.55	0	0.064	0.035	1.778	1.228	1.264
516	lilli_lisa_ch	lilli_lisa_ch_pause_0_034	0.55	0	0.062	0.034	1.778	1.228	1.263
517	lilli_lisa_ch	lilli_lisa_ch_pause_0_033	0.55	0	0.06	0.033	1.778	1.228	1.262
518	lilli_lisa_ch	lilli_lisa_ch_pause_0_032	0.55	0	0.058	0.032	1.778	1.228	1.261
519	lilli_lisa_ch	lilli_lisa_ch_pause_0_031	0.55	0	0.056	0.031	1.778	1.228	1.26
520	lilli_lisa_ch	lilli_lisa_ch_pause_0_030	0.55	0	0.055	0.03	1.778	1.228	1.259
521	lilli_lisa_ch	lilli_lisa_ch_pause_0_029	0.55	0	0.053	0.029	1.778	1.228	1.258
522	lilli_lisa_ch	lilli_lisa_ch_pause_0_028	0.55	0	0.051	0.028	1.778	1.228	1.257
523	lilli_lisa_ch	lilli_lisa_ch_pause_0_027	0.55	0	0.049	0.027	1.778	1.228	1.256
524	lilli_lisa_ch	lilli_lisa_ch_pause_0_026	0.55	0	0.047	0.026	1.778	1.228	1.255
525	lilli_lisa_ch	lilli_lisa_ch_pause_0_025	0.55	0	0.045	0.025	1.778	1.228	1.254
526	lilli_lisa_ch	lilli_lisa_ch_pause_0_024	0.55	0	0.044	0.024	1.778	1.228	1.253
527	lilli_lisa_ch	lilli_lisa_ch_pause_0_023	0.55	0	0.042	0.023	1.778	1.228	1.252
528	lilli_lisa_ch	lilli_lisa_ch_pause_0_022	0.55	0	0.04	0.022	1.778	1.228	1.251
529	lilli_lisa_ch	lilli_lisa_ch_pause_0_021	0.55	0	0.038	0.021	1.778	1.228	1.25
530	lilli_lisa_ch	lilli_lisa_ch_pause_0_020	0.55	0	0.036	0.02	1.778	1.228	1.249
531	lilli_lisa_ch	lilli_lisa_ch_pause_0_019	0.55	0	0.035	0.019	1.778	1.228	1.248
532	lilli_lisa_ch	lilli_lisa_ch_pause_0_018	0.55	0	0.033	0.018	1.778	1.228	1.247
533	lilli_lisa_ch	lilli_lisa_ch_pause_0_017	0.55	0	0.031	0.017	1.778	1.228	1.246
534	lilli_lisa_ch	lilli_lisa_ch_pause_0_016	0.55	0	0.029	0.016	1.778	1.228	1.245
535	lilli_lisa_ch	lilli_lisa_ch_pause_0_015	0.55	0	0.027	0.015	1.778	1.228	1.244
536	lilli_lisa_ch	lilli_lisa_ch_pause_0_014	0.55	0	0.025	0.014	1.778	1.228	1.243
537	lilli_lisa_ch	lilli_lisa_ch_pause_0_013	0.55	0	0.024	0.013	1.778	1.228	1.242
538	lilli_lisa_ch	lilli_lisa_ch_pause_0_012	0.55	0	0.022	0.012	1.778	1.228	1.241
539	lilli_lisa_ch	lilli_lisa_ch_pause_0_011	0.55	0	0.02	0.011	1.778	1.228	1.24
540	lilli_lisa_ch	lilli_lisa_ch_pause_0_010	0.55	0	0.018	0.01	1.778	1.228	1.239
541	lilli_lisa_ch	lilli_lisa_ch_pause_0_009	0.55	0	0.016	0.009	1.778	1.228	1.238
542	lilli_lisa_ch	lilli_lisa_ch_pause_0_008	0.55	0	0.015	0.008	1.778	1.228	1.237
543	lilli_lisa_ch	lilli_lisa_ch_pause_0_007	0.55	0	0.013	0.007	1.778	1.228	1.236
544	lilli_lisa_ch	lilli_lisa_ch_pause_0_006	0.55	0	0.011	0.006	1.778	1.228	1.235
545	lilli_lisa_ch	lilli_lisa_ch_pause_0_005	0.55	0	0.009	0.005	1.778	1.228	1.234
546	lilli_lisa_ch	lilli_lisa_ch_pause_0_004	0.55	0	0.007	0.004	1.778	1.228	1.233
547	lilli_lisa_ch	lilli_lisa_ch_pause_0_003	0.55	0	0.005	0.003	1.778	1.228	1.232
548	lilli_lisa_ch	lilli_lisa_ch_pause_0_002	0.55	0	0.004	0.002	1.778	1.228	1.231
549	lilli_lisa_ch	lilli_lisa_ch_pause_0_001	0.55	0	0.002	0.001	1.778	1.228	1.23
550	lilli_lisa_ch	lilli_lisa_ch_pause_0_000	0.55	0	0	0	1.778	1.228	1.229
0	lilli_lisa_ch	lilli_lisa_ch_pause_0_550	0.55	0	1	0.55	1.778	1.228	1.778